epoch,time,train/box_loss,train/seg_loss,train/cls_loss,train/dfl_loss,metrics/precision(B),metrics/recall(B),metrics/mAP50(B),metrics/mAP50-95(B),metrics/precision(M),metrics/recall(M),metrics/mAP50(M),metrics/mAP50-95(M),val/box_loss,val/seg_loss,val/cls_loss,val/dfl_loss,lr/pg0,lr/pg1,lr/pg2
1,3.01255,0.50042,1.12127,3.89549,0.94468,0.24131,0.39375,0.14047,0.1322,0.25348,0.43542,0.15039,0.13021,0.3184,0.95501,22.7163,0.84055,4.545e-05,4.545e-05,4.545e-05
2,6.50271,0.34807,0.721,1.55831,0.84926,0.3481,0.48542,0.2839,0.27635,0.3481,0.48542,0.27854,0.25828,0.24843,0.81253,28.4807,0.79766,9.99873e-05,9.99873e-05,9.99873e-05
3,9.57868,0.33139,0.59022,1.07316,0.82599,0.17197,0.72708,0.28049,0.26615,0.17197,0.72708,0.28012,0.25409,0.28263,0.59235,42.9051,0.78795,0.000154513,0.000154513,0.000154513
4,12.3474,0.30879,0.52228,0.9069,0.81839,0.13742,0.87292,0.26244,0.24886,0.13742,0.87292,0.26251,0.23845,0.3155,0.62164,inf,0.79054,0.000209019,0.000209019,0.000209019
5,15.1057,0.34498,0.55011,0.72704,0.82301,0.14899,0.88333,0.24531,0.23064,0.14899,0.88333,0.24531,0.22152,0.28903,0.65426,34.1871,0.79512,0.000263496,0.000263496,0.000263496
6,17.9626,0.34046,0.50235,0.69861,0.82805,0.1621,0.80417,0.28938,0.26634,0.1621,0.80417,0.28938,0.26467,0.35026,0.61455,31.0894,0.79935,0.000317934,0.000317934,0.000317934
7,20.8244,0.37959,0.48646,0.76882,0.84645,0.14558,0.94583,0.25128,0.23476,0.14558,0.94583,0.25128,0.20914,0.37599,0.95238,31.7422,0.81616,0.000372326,0.000372326,0.000372326
8,23.621,0.38133,0.49115,0.7172,0.84053,0.03104,0.69583,0.04871,0.04637,0.03104,0.69583,0.04851,0.04561,0.46685,2.03888,inf,0.94636,0.000426662,0.000426662,0.000426662
9,26.4254,0.39533,0.6354,0.66989,0.84688,0.03202,0.53125,0.03656,0.03565,0.03189,0.48958,0.03632,0.03111,0.39178,2.8038,inf,0.82435,0.000480934,0.000480934,0.000480934
10,29.2719,0.40053,0.54097,0.64952,0.84122,0.11693,0.71667,0.16454,0.15124,0.11693,0.71667,0.16454,0.14527,0.34627,1.15471,19.5732,0.80889,0.000535132,0.000535132,0.000535132
11,32.0818,0.41629,0.5427,0.75609,0.83839,0.11609,0.73958,0.16942,0.1522,0.11609,0.73958,0.16577,0.14096,0.43633,0.90637,15.652,0.83526,0.000589248,0.000589248,0.000589248
12,34.8844,0.40637,0.67522,0.69557,0.84397,0.13836,0.58542,0.21158,0.20055,0.13836,0.58542,0.21158,0.19083,0.42643,0.90065,23.5074,0.83532,0.000643273,0.000643273,0.000643273
13,37.6911,0.42379,0.53153,0.75254,0.85114,0.08813,0.84397,0.12311,0.11392,0.08813,0.84397,0.1231,0.114,0.43541,0.93739,inf,0.84293,0.000697198,0.000697198,0.000697198
14,40.55,0.3991,0.51229,0.67664,0.83198,0.13959,0.70208,0.22163,0.19649,0.13131,0.63958,0.20363,0.14609,0.4933,2.34329,23.6317,0.84839,0.000751015,0.000751015,0.000751015
15,43.3774,0.39044,0.61317,0.72984,0.83283,0.1644,0.66827,0.2828,0.26166,0.1644,0.66827,0.2828,0.22892,0.4514,1.23001,19.0567,0.83225,0.000804714,0.000804714,0.000804714
16,46.2491,0.40966,0.68853,0.656,0.83676,0.10713,0.63333,0.11596,0.10098,0.10713,0.63333,0.11595,0.08396,0.55176,1.99402,inf,0.86707,0.000858287,0.000858287,0.000858287
17,49.0847,0.4706,0.81323,0.82288,0.86097,0.12076,0.77083,0.17333,0.14852,0.12076,0.77083,0.17332,0.10881,0.59989,2.32635,105.763,0.89836,0.000902699,0.000902699,0.000902699
18,51.8577,0.4336,0.72595,0.73025,0.85145,0.12372,0.20833,0.09449,0.06106,0.11091,0.15625,0.077,0.044,2.27756,13.7219,23.5531,2.26707,0.000901889,0.000901889,0.000901889
19,54.6469,0.45302,0.59216,0.86434,0.84519,0.00983,0.2875,0.01145,0.00465,0.0088,0.08333,0.0097,0.00562,3.20895,35.918,460.356,4.01434,0.00090103,0.00090103,0.00090103
20,57.4827,0.45409,0.5558,0.77395,0.84388,0.09433,0.125,0.02498,0.02281,0.09418,0.09375,0.02488,0.02204,3.05385,55.8398,145.474,3.98493,0.000900123,0.000900123,0.000900123
21,60.3171,0.44172,0.54877,0.7033,0.83931,0.09834,0.2,0.07106,0.04317,0.09341,0.06875,0.03478,0.02858,1.80823,31.9995,24.5937,1.97956,0.000899167,0.000899167,0.000899167
22,63.0692,0.45484,0.5585,0.68427,0.84842,0.13095,0.64583,0.17751,0.15512,0.30685,0.3015,0.11135,0.0511,0.55921,13.7549,6.13743,0.88194,0.000898164,0.000898164,0.000898164
23,65.9297,0.42867,0.50814,0.69792,0.83939,0.11633,0.59167,0.15724,0.14615,0.3038,0.25393,0.12964,0.07104,0.47367,8.29102,5.77226,0.82758,0.000897112,0.000897112,0.000897112
24,68.7053,0.40644,0.52766,0.6009,0.85049,0.15491,0.73333,0.25376,0.23217,0.15491,0.73333,0.25164,0.20376,0.44919,1.1602,6.3239,0.82562,0.000896012,0.000896012,0.000896012
25,71.4986,0.41872,0.56777,0.66269,0.84651,0.1621,0.74708,0.24161,0.22556,0.1621,0.74708,0.23992,0.2043,0.39651,0.91232,5.40968,0.81943,0.000894864,0.000894864,0.000894864
26,74.3329,0.40784,0.48213,0.59355,0.84284,0.15467,0.81436,0.22306,0.20618,0.15467,0.81436,0.22306,0.19249,0.37907,0.8741,6.99969,0.80999,0.000893668,0.000893668,0.000893668
27,77.2001,0.38923,0.464,0.58127,0.84784,0.15622,0.80112,0.20844,0.19415,0.15622,0.80112,0.20811,0.18241,0.41501,0.90191,7.16032,0.82627,0.000892425,0.000892425,0.000892425
28,80.028,0.40674,0.48552,0.60421,0.83783,0.16575,0.80417,0.21252,0.18899,0.16575,0.80417,0.21252,0.17696,0.43219,0.87914,6.2338,0.82714,0.000891134,0.000891134,0.000891134
29,82.9014,0.40216,0.57041,0.56884,0.83838,0.16594,0.80517,0.2308,0.20317,0.16594,0.80517,0.23059,0.18863,0.39787,0.8147,7.06762,0.82253,0.000889796,0.000889796,0.000889796
30,85.681,0.38335,0.39403,0.55865,0.83281,0.16581,0.85509,0.2383,0.22064,0.16581,0.85509,0.2383,0.21119,0.38486,0.69088,4.90333,0.81151,0.00088841,0.00088841,0.00088841
31,88.4856,0.39357,0.51281,0.59813,0.83056,0.17702,0.79167,0.2352,0.21459,0.17702,0.79167,0.2352,0.20866,0.40201,0.63641,6.27142,0.81756,0.000886978,0.000886978,0.000886978
32,91.2614,0.3701,0.43394,0.52562,0.83462,0.16744,0.9585,0.24056,0.21974,0.16744,0.9585,0.24056,0.22101,0.42492,0.54371,7.00293,0.81094,0.000885498,0.000885498,0.000885498
33,94.0765,0.39573,0.48617,0.52208,0.8414,0.16933,0.95627,0.23998,0.21722,0.16933,0.95627,0.23783,0.21639,0.40999,0.79639,6.25467,0.81214,0.000883972,0.000883972,0.000883972
34,96.8726,0.37822,0.53109,0.56242,0.83285,0.16024,0.94583,0.23034,0.21074,0.16024,0.94583,0.23034,0.20683,0.40777,0.65712,6.39156,0.82661,0.000882399,0.000882399,0.000882399
35,99.6647,0.37569,0.38064,0.56149,0.84279,0.16625,0.92917,0.2298,0.2061,0.16625,0.92917,0.229,0.20628,0.40433,0.71342,5.35208,0.82823,0.00088078,0.00088078,0.00088078
36,102.411,0.37047,0.45157,0.56016,0.8303,0.16087,0.96667,0.21541,0.19651,0.16087,0.96667,0.21541,0.19277,0.40566,0.67612,6.43423,0.82158,0.000879114,0.000879114,0.000879114
37,105.184,0.37781,0.42443,0.56204,0.82324,0.15039,0.94387,0.19024,0.17722,0.15039,0.94387,0.19024,0.17699,0.37565,0.57907,5.11271,0.81339,0.000877403,0.000877403,0.000877403
38,107.99,0.3804,0.42666,0.52264,0.83605,0.16198,0.89375,0.20153,0.18932,0.16198,0.89375,0.20086,0.18332,0.34968,0.49816,5.59678,0.82147,0.000875645,0.000875645,0.000875645
39,110.759,0.34068,0.41136,0.56706,0.8395,0.159,0.90417,0.21882,0.20264,0.159,0.90417,0.21882,0.20279,0.35828,0.47482,5.12578,0.82177,0.000873842,0.000873842,0.000873842
40,113.54,0.34708,0.43913,0.61181,0.83649,0.1583,0.90417,0.23251,0.21462,0.1583,0.90417,0.23045,0.2092,0.3536,0.59361,5.34571,0.81135,0.000871993,0.000871993,0.000871993
41,116.307,0.35253,0.51422,0.52626,0.83647,0.15211,0.95297,0.23355,0.21851,0.15211,0.95297,0.23355,0.21445,0.33945,0.56236,6.53609,0.80178,0.000870099,0.000870099,0.000870099
42,119.125,0.34443,0.45315,0.47361,0.8238,0.15708,0.96667,0.24943,0.23359,0.15708,0.96667,0.24943,0.2297,0.33696,0.49644,7.37625,0.80231,0.00086816,0.00086816,0.00086816
43,121.937,0.36509,0.44143,0.55129,0.82068,0.15833,0.95,0.25554,0.23657,0.15833,0.95,0.25554,0.23225,0.35348,0.50514,6.17424,0.80634,0.000866176,0.000866176,0.000866176
44,124.737,0.34958,0.46483,0.53868,0.83853,0.15853,0.96667,0.25287,0.23909,0.15853,0.96667,0.25287,0.22909,0.32081,0.53593,6.15945,0.79552,0.000864148,0.000864148,0.000864148
45,127.62,0.34472,0.42589,0.51469,0.82184,0.16322,0.90417,0.25608,0.24747,0.16322,0.90417,0.2552,0.23379,0.28925,0.5555,8.05382,0.7898,0.000862075,0.000862075,0.000862075
46,130.444,0.32571,0.40191,0.53416,0.81748,0.16602,0.96667,0.24407,0.22923,0.16602,0.96667,0.24407,0.22904,0.33081,0.54016,7.99279,0.7942,0.000859958,0.000859958,0.000859958
47,133.293,0.34147,0.40115,0.52129,0.8199,0.18369,0.8875,0.24948,0.23202,0.18369,0.8875,0.24948,0.23128,0.32282,0.5555,7.72749,0.79663,0.000857797,0.000857797,0.000857797
48,136.128,0.31772,0.39754,0.51315,0.82746,0.16497,0.78958,0.27261,0.26149,0.16497,0.78958,0.27236,0.25507,0.32663,0.51991,6.52639,0.79603,0.000855592,0.000855592,0.000855592
49,138.976,0.34349,0.3921,0.52711,0.82456,0.17329,0.75833,0.24481,0.2311,0.17329,0.75833,0.24458,0.23097,0.31158,0.48145,5.69727,0.79106,0.000853344,0.000853344,0.000853344
50,141.76,0.35253,0.41821,0.53008,0.82872,0.16938,0.77083,0.24106,0.23077,0.16938,0.77083,0.24045,0.22047,0.29926,0.52231,6.70798,0.78768,0.000851052,0.000851052,0.000851052
51,144.57,0.32934,0.38896,0.52311,0.81739,0.16209,0.90417,0.25026,0.23822,0.16209,0.90417,0.25026,0.22846,0.31173,0.52036,7.37636,0.79299,0.000848717,0.000848717,0.000848717
52,147.451,0.33292,0.44887,0.44834,0.8324,0.17069,0.925,0.26589,0.25424,0.17069,0.925,0.26589,0.24486,0.27729,0.72395,5.47712,0.78743,0.00084634,0.00084634,0.00084634
53,150.341,0.31627,0.39902,0.52149,0.82441,0.18323,0.81026,0.25058,0.2376,0.18323,0.81026,0.25058,0.22847,0.28678,0.7362,4.12364,0.78629,0.00084392,0.00084392,0.00084392
54,153.172,0.34493,0.395,0.50606,0.82954,0.16873,0.88333,0.25486,0.24097,0.16873,0.88333,0.25486,0.24115,0.32115,0.60287,6.02794,0.79293,0.000841458,0.000841458,0.000841458
55,155.995,0.33602,0.40965,0.51267,0.82418,0.16224,0.925,0.26498,0.25434,0.16224,0.925,0.26431,0.24542,0.29526,0.52025,6.33191,0.7896,0.000838955,0.000838955,0.000838955
56,158.789,0.32173,0.41245,0.44195,0.83613,0.16352,0.90417,0.25519,0.24331,0.16352,0.90417,0.25454,0.24049,0.29544,0.48363,6.23168,0.78473,0.000836409,0.000836409,0.000836409
57,161.609,0.31587,0.43027,0.44683,0.82083,0.15889,0.96284,0.24788,0.23842,0.15889,0.96284,0.24788,0.23389,0.31228,0.51647,6.66158,0.78747,0.000833822,0.000833822,0.000833822
58,164.474,0.32284,0.43791,0.45363,0.82893,0.1569,0.95625,0.25324,0.24267,0.1569,0.95625,0.25145,0.23243,0.28988,0.52448,5.73975,0.78604,0.000831194,0.000831194,0.000831194
59,167.319,0.3272,0.38488,0.46938,0.82013,0.15862,0.91458,0.24277,0.22995,0.15862,0.91458,0.24016,0.22508,0.30991,0.52025,6.33332,0.7833,0.000828525,0.000828525,0.000828525
60,170.13,0.32212,0.37106,0.50079,0.82113,0.15499,0.88803,0.23334,0.22241,0.15499,0.88803,0.23095,0.21183,0.30295,0.84034,6.60781,0.78412,0.000825816,0.000825816,0.000825816
61,172.967,0.32074,0.40005,0.48165,0.82738,0.16825,0.88333,0.25501,0.24601,0.16825,0.88333,0.25501,0.23589,0.29217,0.74913,6.3697,0.78148,0.000823066,0.000823066,0.000823066
62,175.776,0.31651,0.41174,0.51817,0.8191,0.16317,0.96667,0.24081,0.23137,0.16317,0.96667,0.24081,0.2262,0.29647,0.4834,5.35841,0.78509,0.000820277,0.000820277,0.000820277
63,178.614,0.32521,0.45945,0.47538,0.82529,0.16036,0.96667,0.24014,0.22979,0.16036,0.96667,0.24014,0.2224,0.27536,0.59155,6.15827,0.78096,0.000817448,0.000817448,0.000817448
64,181.414,0.32234,0.42208,0.53139,0.82476,0.1596,0.95153,0.22329,0.20946,0.1596,0.95153,0.22329,0.20021,0.30352,0.62988,5.76289,0.78396,0.000814579,0.000814579,0.000814579
65,184.272,0.33131,0.40956,0.51135,0.82413,0.1607,0.92917,0.21157,0.19772,0.15543,0.8875,0.20288,0.18415,0.30784,0.80006,5.46349,0.78912,0.000811672,0.000811672,0.000811672
66,187.204,0.31118,0.44249,0.52661,0.81925,0.16822,0.92917,0.22956,0.21698,0.16822,0.92917,0.22788,0.21179,0.28971,0.49313,5.41486,0.77954,0.000808726,0.000808726,0.000808726
67,190.071,0.32726,0.39946,0.4956,0.82691,0.15939,0.93781,0.22829,0.21365,0.15939,0.93781,0.22648,0.20869,0.26817,0.60814,5.02283,0.78005,0.000805741,0.000805741,0.000805741
68,192.969,0.3236,0.38408,0.45692,0.82262,0.15479,0.925,0.22919,0.21838,0.15479,0.925,0.22788,0.20796,0.30394,0.80887,6.19482,0.78573,0.000802719,0.000802719,0.000802719
69,195.886,0.33011,0.44885,0.4565,0.83131,0.15299,0.94315,0.21934,0.2076,0.15299,0.94315,0.21934,0.19381,0.31414,0.83073,6.06066,0.7881,0.000799659,0.000799659,0.000799659
70,198.761,0.31899,0.41505,0.47661,0.82649,0.15103,0.84659,0.22606,0.2113,0.15103,0.84659,0.22606,0.20113,0.31991,0.71526,5.01456,0.7996,0.000796561,0.000796561,0.000796561
71,201.667,0.29761,0.3977,0.48748,0.81951,0.15265,0.87115,0.26199,0.24364,0.15265,0.87115,0.26199,0.23654,0.33546,1.01372,5.19259,0.80279,0.000793427,0.000793427,0.000793427
72,204.528,0.31516,0.43433,0.52611,0.82571,0.14776,0.96667,0.23814,0.22527,0.14776,0.96667,0.23814,0.21056,0.3154,1.65859,4.96648,0.78872,0.000790256,0.000790256,0.000790256
73,207.385,0.30393,0.36107,0.51981,0.81902,0.13733,0.71794,0.26049,0.2455,0.13733,0.71794,0.25731,0.22764,0.32016,3.00545,5.68862,0.79475,0.000787048,0.000787048,0.000787048
74,210.218,0.30017,0.38018,0.45307,0.82866,0.14907,0.81617,0.2717,0.26057,0.14907,0.81617,0.2717,0.24825,0.28983,1.55537,5.40554,0.787,0.000783805,0.000783805,0.000783805
75,213.072,0.29263,0.40259,0.4315,0.82941,0.16145,0.81042,0.25644,0.24534,0.16145,0.81042,0.25644,0.23307,0.28731,1.22921,5.52632,0.78545,0.000780526,0.000780526,0.000780526
76,215.932,0.30021,0.38489,0.45351,0.81262,0.1745,0.7375,0.27256,0.26206,0.1745,0.7375,0.27061,0.24823,0.27605,1.09165,4.49241,0.78882,0.000777211,0.000777211,0.000777211
77,218.797,0.29874,0.36975,0.46981,0.8047,0.16722,0.75286,0.25286,0.24104,0.16722,0.75286,0.25286,0.23158,0.29388,0.97069,4.06229,0.79211,0.000773862,0.000773862,0.000773862
78,221.716,0.31284,0.4065,0.50394,0.82515,0.15537,0.94038,0.22291,0.21579,0.15537,0.94038,0.22291,0.19717,0.26675,0.69237,4.09348,0.78472,0.000770478,0.000770478,0.000770478
79,224.561,0.28751,0.41793,0.43492,0.81726,0.15953,0.89167,0.22816,0.2196,0.15953,0.89167,0.22743,0.20631,0.26401,0.7489,4.75137,0.77928,0.00076706,0.00076706,0.00076706
80,227.383,0.29993,0.3563,0.43903,0.81384,0.17205,0.71458,0.22562,0.21316,0.17205,0.71458,0.22439,0.20617,0.28637,0.68996,6.40423,0.78508,0.000763609,0.000763609,0.000763609
81,230.21,0.29478,0.35864,0.485,0.81336,0.16219,0.86422,0.22193,0.21053,0.16219,0.86422,0.22193,0.20253,0.27505,0.60081,6.75429,0.78391,0.000760124,0.000760124,0.000760124
82,233.017,0.30804,0.32746,0.45666,0.82516,0.17725,0.90136,0.22713,0.21646,0.17725,0.90136,0.22713,0.20908,0.29494,0.51704,5.34303,0.79169,0.000756606,0.000756606,0.000756606
83,235.867,0.29478,0.35568,0.47635,0.8163,0.17014,0.93406,0.21192,0.19871,0.17014,0.93406,0.20891,0.19018,0.29051,0.5765,5.2724,0.78992,0.000753055,0.000753055,0.000753055
84,238.681,0.29853,0.37462,0.48573,0.8214,0.18774,0.80134,0.24052,0.22388,0.18774,0.80134,0.24052,0.21732,0.28985,0.58611,5.44597,0.78124,0.000749472,0.000749472,0.000749472
85,241.551,0.29232,0.36673,0.43998,0.82536,0.17833,0.84665,0.25347,0.24167,0.17833,0.84665,0.25347,0.23532,0.27973,0.53181,5.82891,0.77976,0.000745857,0.000745857,0.000745857
86,244.396,0.29113,0.4017,0.45745,0.81575,0.20135,0.59198,0.2464,0.23327,0.20135,0.59198,0.2464,0.2315,0.287,0.50537,5.24891,0.78218,0.000742211,0.000742211,0.000742211
87,247.239,0.30235,0.39398,0.42991,0.81035,0.2001,0.54049,0.25567,0.24367,0.2001,0.54049,0.25567,0.23758,0.29007,0.52597,4.32125,0.7811,0.000738534,0.000738534,0.000738534
88,250.058,0.2938,0.37523,0.54272,0.81553,0.16488,0.84118,0.23728,0.22783,0.16488,0.84118,0.23728,0.21546,0.30062,0.58228,3.22526,0.78487,0.000734826,0.000734826,0.000734826
89,252.921,0.28471,0.34955,0.48575,0.81095,0.15962,0.86612,0.23933,0.23262,0.15962,0.86612,0.23933,0.21746,0.29468,0.59452,4.07794,0.79034,0.000731087,0.000731087,0.000731087
90,255.851,0.28838,0.38857,0.4353,0.81234,0.17045,0.79167,0.22256,0.21314,0.17045,0.79167,0.22256,0.19929,0.26469,0.63927,6.31242,0.7823,0.000727319,0.000727319,0.000727319
91,258.827,0.28334,0.37159,0.45707,0.81514,0.17386,0.78749,0.21967,0.20945,0.17386,0.78749,0.21967,0.19831,0.269,0.6673,7.29657,0.7809,0.000723522,0.000723522,0.000723522
92,261.665,0.29452,0.34863,0.43772,0.81319,0.18006,0.80021,0.22559,0.21587,0.18006,0.80021,0.22559,0.20383,0.27097,0.68264,5.97254,0.77961,0.000719695,0.000719695,0.000719695
93,264.528,0.28316,0.37104,0.43621,0.81672,0.17945,0.81875,0.23296,0.22027,0.17945,0.81875,0.23296,0.21141,0.27145,0.68424,5.89647,0.77931,0.00071584,0.00071584,0.00071584
94,267.357,0.28317,0.39602,0.43233,0.82319,0.20397,0.72518,0.24834,0.23857,0.20397,0.72518,0.24834,0.22929,0.26471,0.80074,5.38439,0.77806,0.000711957,0.000711957,0.000711957
95,270.204,0.28582,0.35283,0.41758,0.81714,0.2036,0.63542,0.23433,0.22628,0.2036,0.63542,0.23433,0.21347,0.26255,0.80029,5.57733,0.77695,0.000708046,0.000708046,0.000708046
96,273.04,0.27253,0.32384,0.43078,0.8141,0.17749,0.7665,0.21535,0.20528,0.17749,0.7665,0.21535,0.19692,0.26917,0.63549,5.80513,0.78621,0.000704108,0.000704108,0.000704108
97,275.886,0.27553,0.31436,0.44482,0.80868,0.1939,0.7501,0.22855,0.21517,0.1939,0.7501,0.22855,0.20888,0.2775,0.56511,5.3782,0.78949,0.000700143,0.000700143,0.000700143
98,278.72,0.28207,0.37397,0.46134,0.81029,0.19634,0.73319,0.23433,0.22071,0.19634,0.73319,0.23433,0.21413,0.26883,0.55504,4.11033,0.78591,0.000696151,0.000696151,0.000696151
99,281.57,0.26761,0.32604,0.43927,0.81392,0.16816,0.79072,0.24504,0.23089,0.16816,0.79072,0.24302,0.22245,0.27064,0.53387,4.54932,0.78407,0.000692134,0.000692134,0.000692134
100,284.418,0.27101,0.32902,0.43643,0.81116,0.17494,0.81774,0.22011,0.20666,0.17494,0.81774,0.22011,0.20134,0.27603,0.51659,5.2074,0.78689,0.000688091,0.000688091,0.000688091
101,287.29,0.28816,0.4134,0.44971,0.82565,0.17077,0.81671,0.21621,0.20486,0.17077,0.81671,0.21621,0.19517,0.26854,0.51109,4.65117,0.7839,0.000684022,0.000684022,0.000684022
102,290.308,0.27596,0.36042,0.42679,0.80956,0.17732,0.70417,0.23629,0.22763,0.17732,0.70417,0.23493,0.21526,0.26827,0.49988,4.80994,0.78308,0.00067993,0.00067993,0.00067993
103,293.468,0.27413,0.40738,0.45005,0.8109,0.18324,0.72806,0.22044,0.21327,0.18324,0.72806,0.21969,0.20006,0.25656,0.51029,4.66289,0.78082,0.000675812,0.000675812,0.000675812
104,296.301,0.28527,0.35161,0.38424,0.81167,0.16036,0.68176,0.20212,0.19234,0.16036,0.68176,0.20212,0.18175,0.25999,0.78472,6.17825,0.78318,0.000671672,0.000671672,0.000671672
105,299.13,0.27514,0.37294,0.46371,0.81247,0.15773,0.77152,0.20711,0.19608,0.15773,0.77152,0.20602,0.1854,0.26926,0.58983,7.23794,0.78657,0.000667507,0.000667507,0.000667507
106,301.955,0.27708,0.32388,0.39871,0.80972,0.16071,0.7875,0.2095,0.19803,0.16071,0.7875,0.20716,0.18507,0.2745,0.65987,7.05659,0.78765,0.00066332,0.00066332,0.00066332
107,304.844,0.28544,0.35557,0.4117,0.80222,0.16792,0.725,0.2147,0.20244,0.16792,0.725,0.2068,0.1864,0.28453,0.74936,7.10487,0.79081,0.000659111,0.000659111,0.000659111
108,307.688,0.28763,0.41562,0.38347,0.82101,0.18677,0.7543,0.21513,0.20215,0.18677,0.7543,0.20971,0.18853,0.28278,0.65071,7.43367,0.78618,0.000654879,0.000654879,0.000654879
109,310.586,0.2801,0.31982,0.39457,0.82385,0.17376,0.74375,0.21579,0.20254,0.17376,0.74375,0.21363,0.18671,0.26713,0.60024,6.96983,0.78263,0.000650627,0.000650627,0.000650627
110,313.458,0.27183,0.36682,0.43895,0.80215,0.15838,0.94642,0.2221,0.20974,0.15838,0.94642,0.21931,0.20007,0.27538,0.56385,4.90706,0.78547,0.000646353,0.000646353,0.000646353
111,316.342,0.25925,0.32578,0.41287,0.81484,0.19057,0.4,0.20304,0.191,0.19057,0.4,0.20061,0.18459,0.30508,0.55424,3.79949,0.7901,0.000642058,0.000642058,0.000642058
112,319.238,0.26587,0.33735,0.39503,0.8133,0.17181,0.66875,0.18233,0.17111,0.17181,0.66875,0.18233,0.16266,0.28472,0.68001,3.22996,0.79413,0.000637744,0.000637744,0.000637744
113,322.065,0.26175,0.34428,0.45565,0.81038,0.16878,0.7273,0.20868,0.19221,0.16878,0.7273,0.20868,0.18532,0.29542,0.79628,3.0651,0.80055,0.00063341,0.00063341,0.00063341
114,324.963,0.27418,0.38531,0.36571,0.81062,0.16358,0.66667,0.19561,0.18432,0.16358,0.66667,0.19561,0.17256,0.26875,0.95078,2.96905,0.78817,0.000629056,0.000629056,0.000629056
115,327.968,0.25705,0.36604,0.39523,0.81346,0.21676,0.42119,0.2037,0.18892,0.21676,0.42119,0.20137,0.17722,0.25604,0.71915,3.1424,0.78274,0.000624684,0.000624684,0.000624684
116,330.837,0.26547,0.36555,0.38601,0.82826,0.17759,0.79375,0.20399,0.19379,0.17759,0.79375,0.20259,0.18236,0.26133,0.5448,4.00847,0.78143,0.000620294,0.000620294,0.000620294
117,333.7,0.25079,0.31072,0.39143,0.81928,0.1982,0.58958,0.21508,0.20347,0.1982,0.58958,0.2134,0.19246,0.25013,0.4961,4.71971,0.77855,0.000615887,0.000615887,0.000615887
118,336.525,0.25483,0.35146,0.38192,0.81703,0.17807,0.79788,0.20865,0.19796,0.17807,0.79788,0.2079,0.18826,0.24091,0.51098,5.30788,0.77523,0.000611462,0.000611462,0.000611462
119,339.349,0.25161,0.34093,0.41587,0.81242,0.19469,0.71875,0.21164,0.20332,0.19469,0.71875,0.21164,0.19295,0.24767,0.52139,4.89023,0.77295,0.00060702,0.00060702,0.00060702
120,342.155,0.26632,0.36937,0.41374,0.80148,0.18575,0.74142,0.21424,0.20414,0.18575,0.74142,0.21424,0.19252,0.24696,0.51476,4.6001,0.77506,0.000602562,0.000602562,0.000602562
121,345.025,0.25188,0.32655,0.39904,0.80439,0.19065,0.68333,0.22634,0.2142,0.19065,0.68333,0.22634,0.20557,0.25688,0.52128,4.80192,0.77535,0.000598089,0.000598089,0.000598089
122,348.123,0.26801,0.32713,0.41971,0.81539,0.20031,0.68087,0.22273,0.21594,0.20031,0.68087,0.22273,0.20412,0.239,0.5254,4.97132,0.77472,0.0005936,0.0005936,0.0005936
123,351.122,0.25802,0.30908,0.37595,0.80941,0.19787,0.65999,0.22666,0.21962,0.19787,0.65999,0.22666,0.20643,0.23305,0.51579,4.37186,0.77708,0.000589096,0.000589096,0.000589096
124,354.186,0.26494,0.35008,0.37736,0.80952,0.22174,0.59375,0.24772,0.23954,0.22174,0.59375,0.24772,0.22856,0.25972,0.58983,3.54459,0.77842,0.000584578,0.000584578,0.000584578
125,357.276,0.24992,0.32026,0.38293,0.8057,0.21862,0.45833,0.24548,0.23807,0.21862,0.45833,0.24548,0.22558,0.23964,0.51899,3.9941,0.77707,0.000580047,0.000580047,0.000580047
126,360.535,0.27227,0.35424,0.40485,0.81309,0.18103,0.89483,0.21935,0.21033,0.18103,0.89483,0.21935,0.20234,0.24125,0.52334,5.23201,0.77422,0.000575502,0.000575502,0.000575502
127,363.574,0.25173,0.3906,0.34575,0.81226,0.19126,0.78125,0.21887,0.20989,0.19126,0.78125,0.21887,0.2016,0.24691,0.52586,5.89148,0.77239,0.000570944,0.000570944,0.000570944
128,366.619,0.25077,0.34502,0.37356,0.80246,0.18396,0.73333,0.20681,0.19845,0.18396,0.73333,0.20681,0.18962,0.23703,0.52174,6.74234,0.77148,0.000566374,0.000566374,0.000566374
129,369.549,0.24813,0.34445,0.3847,0.8016,0.17201,0.85625,0.21395,0.20513,0.17201,0.85625,0.21395,0.19671,0.22509,0.53501,6.59571,0.77206,0.000561793,0.000561793,0.000561793
130,372.609,0.251,0.30511,0.38445,0.81127,0.1717,0.83376,0.22668,0.21554,0.1717,0.83376,0.22668,0.20516,0.23202,0.5238,6.41599,0.77239,0.0005572,0.0005572,0.0005572
131,375.63,0.24899,0.35968,0.38222,0.81952,0.17603,0.84583,0.224,0.21452,0.17603,0.84583,0.224,0.20218,0.22652,0.52814,6.34162,0.77242,0.000552596,0.000552596,0.000552596
132,378.714,0.24809,0.3436,0.38666,0.8136,0.18588,0.60417,0.22654,0.2156,0.18588,0.60417,0.22654,0.20151,0.22712,0.60757,6.0089,0.77142,0.000547982,0.000547982,0.000547982
133,381.723,0.25258,0.34869,0.38208,0.81739,0.18538,0.63542,0.22804,0.21803,0.18538,0.63542,0.22804,0.20314,0.2223,0.60745,6.05408,0.77135,0.000543358,0.000543358,0.000543358
134,384.699,0.24955,0.40142,0.38747,0.81101,0.21701,0.60417,0.23154,0.22126,0.21701,0.60417,0.23154,0.20761,0.20643,0.57999,4.66162,0.77102,0.000538725,0.000538725,0.000538725
135,387.715,0.24531,0.31211,0.37841,0.8037,0.21638,0.55061,0.22389,0.2117,0.21638,0.55061,0.22389,0.19981,0.20544,0.59624,4.24354,0.77492,0.000534083,0.000534083,0.000534083
136,390.752,0.24759,0.34018,0.38391,0.81923,0.20381,0.75998,0.22626,0.21771,0.20381,0.75998,0.22626,0.20369,0.22184,0.59303,5.34706,0.77953,0.000529433,0.000529433,0.000529433
137,394.013,0.24602,0.30894,0.38138,0.80231,0.19545,0.74167,0.23362,0.22379,0.19545,0.74167,0.23362,0.21034,0.22238,0.59944,6.81996,0.77507,0.000524776,0.000524776,0.000524776
138,397.082,0.25882,0.3432,0.38931,0.81241,0.18884,0.75218,0.20881,0.20011,0.18884,0.75218,0.20881,0.18956,0.25402,0.59509,6.72061,0.78276,0.000520111,0.000520111,0.000520111
139,400.143,0.229,0.30666,0.32685,0.80627,0.19361,0.78333,0.20085,0.19354,0.19361,0.78333,0.20085,0.1766,0.32512,0.67955,6.93405,0.8168,0.000515439,0.000515439,0.000515439
140,403.118,0.24224,0.35196,0.35346,0.81059,0.16294,0.81834,0.18278,0.17483,0.16294,0.81834,0.18278,0.16596,0.52328,1.17737,5.96655,0.95972,0.000510762,0.000510762,0.000510762
141,406.046,0.24609,0.31103,0.36331,0.8076,0.19619,0.77731,0.20061,0.19276,0.19619,0.77731,0.20061,0.18253,0.28932,0.62817,5.87157,0.8013,0.000506078,0.000506078,0.000506078
142,408.995,0.24787,0.31273,0.37591,0.81762,0.19482,0.8349,0.22072,0.21438,0.19482,0.8349,0.22072,0.2028,0.24446,0.51373,5.40598,0.77241,0.00050139,0.00050139,0.00050139
143,411.92,0.2385,0.3368,0.39948,0.80858,0.18244,0.8123,0.21388,0.20775,0.18244,0.8123,0.21388,0.1965,0.25017,0.51687,4.97735,0.77187,0.000496696,0.000496696,0.000496696
144,414.83,0.24071,0.31986,0.41754,0.81722,0.16334,0.89792,0.22526,0.21831,0.16334,0.89792,0.22526,0.20946,0.24671,0.51395,3.86136,0.77269,0.000491999,0.000491999,0.000491999
145,417.775,0.2462,0.32191,0.3848,0.80897,0.16078,0.87598,0.23392,0.22781,0.16078,0.87598,0.23392,0.21818,0.24699,0.50777,3.74745,0.77152,0.000487298,0.000487298,0.000487298
146,420.738,0.24749,0.33308,0.35761,0.80684,0.17657,0.77944,0.22064,0.21311,0.17657,0.77944,0.22064,0.20339,0.24075,0.50594,5.1686,0.7715,0.000482594,0.000482594,0.000482594
147,423.681,0.23844,0.32194,0.37347,0.81562,0.17274,0.68333,0.2266,0.21955,0.17274,0.68333,0.2266,0.21052,0.24526,0.51224,5.88828,0.77249,0.000477887,0.000477887,0.000477887
148,426.661,0.23683,0.34414,0.37672,0.81205,0.1823,0.66667,0.21439,0.20485,0.1823,0.66667,0.21181,0.19425,0.21787,0.48672,5.85508,0.76983,0.000473178,0.000473178,0.000473178
149,429.599,0.22646,0.34958,0.38559,0.80377,0.17654,0.6811,0.20235,0.19462,0.17654,0.6811,0.19975,0.18441,0.22098,0.49404,5.03376,0.77029,0.000468468,0.000468468,0.000468468
150,432.489,0.23009,0.30652,0.3906,0.81288,0.15464,0.90332,0.20327,0.19637,0.15464,0.90332,0.20327,0.19039,0.24091,0.49679,4.02606,0.77125,0.000463757,0.000463757,0.000463757
151,435.471,0.23153,0.3669,0.40089,0.80513,0.15661,0.92455,0.21457,0.20808,0.15661,0.92455,0.21457,0.19959,0.23896,0.49152,4.2824,0.77049,0.000459045,0.000459045,0.000459045
152,438.421,0.24053,0.32116,0.35608,0.80848,0.15899,0.83542,0.19829,0.19114,0.15899,0.83542,0.19829,0.18382,0.23235,0.48758,4.81504,0.77036,0.000454333,0.000454333,0.000454333
153,441.384,0.23469,0.30372,0.38467,0.8107,0.16888,0.82037,0.18507,0.17864,0.16888,0.82037,0.18507,0.17091,0.23345,0.49061,5.17769,0.77205,0.000449622,0.000449622,0.000449622
154,444.223,0.22748,0.32265,0.37096,0.81391,0.17564,0.80048,0.18892,0.18285,0.17564,0.80048,0.18892,0.17059,0.22303,0.5444,5.04103,0.76874,0.000444912,0.000444912,0.000444912
155,447.102,0.24023,0.32279,0.36761,0.80099,0.17855,0.7875,0.20094,0.19426,0.17855,0.7875,0.20094,0.17907,0.23611,0.51704,4.7807,0.77112,0.000440203,0.000440203,0.000440203
156,450.015,0.22358,0.29979,0.34725,0.80493,0.18462,0.67292,0.19759,0.18978,0.18462,0.67292,0.19759,0.17303,0.24716,0.54852,4.414,0.77259,0.000435496,0.000435496,0.000435496
157,453.007,0.23535,0.39992,0.38818,0.80859,0.16578,0.6251,0.19733,0.18851,0.16578,0.6251,0.19733,0.1722,0.24053,0.58994,4.54873,0.77506,0.000430792,0.000430792,0.000430792
158,455.958,0.23747,0.29939,0.36328,0.81024,0.1747,0.73542,0.21331,0.20546,0.1747,0.73542,0.21331,0.18658,0.22121,0.52837,4.71062,0.77002,0.000426091,0.000426091,0.000426091
159,458.898,0.23346,0.28161,0.35886,0.80477,0.17331,0.725,0.21543,0.20683,0.17331,0.725,0.21543,0.1924,0.23637,0.52425,4.98573,0.7694,0.000421394,0.000421394,0.000421394
160,461.855,0.24443,0.32273,0.39649,0.80884,0.1885,0.81793,0.24433,0.23513,0.1885,0.81793,0.24433,0.22446,0.24575,0.50308,5.25442,0.76815,0.0004167,0.0004167,0.0004167
161,464.824,0.2371,0.30686,0.37667,0.81541,0.19212,0.8053,0.23448,0.22612,0.19212,0.8053,0.23448,0.21389,0.23616,0.49896,4.96711,0.76783,0.000412012,0.000412012,0.000412012
162,467.681,0.23968,0.30624,0.40205,0.80487,0.19315,0.67954,0.23866,0.23181,0.19315,0.67954,0.23866,0.21784,0.23223,0.49885,4.88349,0.77018,0.000407328,0.000407328,0.000407328
163,470.596,0.21978,0.3029,0.3539,0.81422,0.19315,0.75369,0.24632,0.23739,0.19315,0.75369,0.24632,0.22468,0.23408,0.49381,4.91811,0.77048,0.000402651,0.000402651,0.000402651
164,473.458,0.22461,0.30493,0.31747,0.79945,0.20723,0.8281,0.24761,0.23848,0.20723,0.8281,0.24761,0.22769,0.20535,0.47487,5.33204,0.76841,0.000397979,0.000397979,0.000397979
165,476.298,0.22106,0.27143,0.30838,0.80637,0.20518,0.78233,0.25136,0.24432,0.20518,0.78233,0.25136,0.23029,0.20781,0.46926,5.57033,0.76917,0.000393314,0.000393314,0.000393314
166,479.185,0.23708,0.3226,0.32333,0.80165,0.1988,0.7875,0.26407,0.25695,0.1988,0.7875,0.26407,0.24294,0.23205,0.46595,5.91845,0.77172,0.000388657,0.000388657,0.000388657
167,482.051,0.22862,0.27561,0.33242,0.7964,0.20599,0.80417,0.24911,0.24292,0.20599,0.80417,0.24911,0.22787,0.21771,0.4767,5.37707,0.77147,0.000384007,0.000384007,0.000384007
168,484.927,0.22866,0.31308,0.3253,0.79929,0.23028,0.80417,0.23291,0.22587,0.23028,0.80417,0.23291,0.21024,0.21148,0.49198,4.6738,0.77233,0.000379365,0.000379365,0.000379365
169,487.875,0.23798,0.32358,0.35948,0.81082,0.22923,0.80417,0.22694,0.21992,0.22923,0.80417,0.22694,0.20465,0.21697,0.4977,4.55681,0.77299,0.000374732,0.000374732,0.000374732
170,490.702,0.22209,0.31984,0.35588,0.80261,0.21197,0.8056,0.21171,0.20372,0.21197,0.8056,0.21171,0.19506,0.21242,0.49627,4.68587,0.76935,0.000370108,0.000370108,0.000370108
171,493.621,0.21553,0.2548,0.35254,0.80844,0.19958,0.7875,0.20808,0.20087,0.19958,0.7875,0.20808,0.19224,0.19853,0.49622,5.23735,0.76739,0.000365494,0.000365494,0.000365494
172,496.576,0.22668,0.26129,0.33698,0.80584,0.16367,0.82763,0.21114,0.20384,0.16367,0.82763,0.21114,0.19507,0.20605,0.49284,6.21643,0.76939,0.00036089,0.00036089,0.00036089
173,499.446,0.22484,0.40861,0.30455,0.80284,0.15927,0.85572,0.20785,0.20199,0.15927,0.85572,0.20785,0.19263,0.20374,0.49759,6.57193,0.76913,0.000356297,0.000356297,0.000356297
174,502.25,0.21905,0.27578,0.2747,0.80822,0.16008,0.8625,0.20003,0.19261,0.16008,0.8625,0.19729,0.18359,0.20492,0.50531,7.00805,0.76888,0.000351716,0.000351716,0.000351716
175,505.141,0.20562,0.29918,0.34047,0.79857,0.16041,0.84167,0.19239,0.18706,0.16041,0.84167,0.19239,0.17781,0.20529,0.5048,7.15859,0.76921,0.000347146,0.000347146,0.000347146
176,508.449,0.22171,0.3241,0.31264,0.80275,0.16808,0.825,0.18104,0.1761,0.16808,0.825,0.18104,0.1659,0.20883,0.4969,6.59517,0.76545,0.000342588,0.000342588,0.000342588
177,511.565,0.21366,0.32308,0.31554,0.80578,0.16377,0.84583,0.17991,0.17331,0.16377,0.84583,0.17991,0.16593,0.21042,0.50423,6.73836,0.76553,0.000338043,0.000338043,0.000338043
178,514.717,0.22039,0.29713,0.32084,0.8045,0.16506,0.8625,0.18088,0.174,0.16506,0.8625,0.18088,0.16545,0.21734,0.50674,6.12234,0.77128,0.000333512,0.000333512,0.000333512
179,518.122,0.21947,0.31347,0.3016,0.79907,0.17873,0.74583,0.18449,0.17755,0.17873,0.74583,0.18449,0.16889,0.2163,0.50056,6.12109,0.77084,0.000328994,0.000328994,0.000328994
180,522.4,0.20365,0.29123,0.29687,0.79516,0.18957,0.75,0.19576,0.18522,0.18957,0.75,0.19576,0.17688,0.21139,0.50697,6.23752,0.77088,0.00032449,0.00032449,0.00032449
181,525.392,0.19858,0.28584,0.28671,0.80496,0.19502,0.80073,0.21003,0.20043,0.19502,0.80073,0.21003,0.18943,0.20979,0.50034,6.46527,0.76942,0.000320001,0.000320001,0.000320001
182,528.298,0.20953,0.31218,0.34363,0.80623,0.19167,0.825,0.226,0.22062,0.19167,0.825,0.226,0.20891,0.20862,0.46246,6.47129,0.76952,0.000315528,0.000315528,0.000315528
183,531.253,0.20947,0.30879,0.33454,0.80076,0.18418,0.80417,0.21129,0.20515,0.18418,0.80417,0.21129,0.19668,0.21011,0.4644,6.38182,0.76896,0.00031107,0.00031107,0.00031107
184,534.101,0.21256,0.31301,0.32521,0.80061,0.17897,0.80717,0.20369,0.19723,0.17897,0.80717,0.20369,0.18779,0.22047,0.47276,5.42266,0.77302,0.000306628,0.000306628,0.000306628
185,536.935,0.21297,0.31998,0.3074,0.80636,0.17221,0.78065,0.19479,0.18915,0.17221,0.78065,0.19479,0.17806,0.22249,0.46268,5.54457,0.77506,0.000302203,0.000302203,0.000302203
186,539.751,0.21332,0.32543,0.30669,0.80155,0.16255,0.825,0.19927,0.19285,0.16255,0.825,0.19927,0.18212,0.21331,0.45279,6.59281,0.76989,0.000297796,0.000297796,0.000297796
187,542.609,0.20932,0.32814,0.36737,0.80188,0.15631,0.96239,0.19989,0.19378,0.15631,0.96239,0.19989,0.18303,0.20876,0.45536,7.00065,0.76878,0.000293406,0.000293406,0.000293406
188,545.516,0.21631,0.31729,0.3297,0.80785,0.15995,0.90393,0.18959,0.18355,0.15995,0.90393,0.18959,0.17396,0.21219,0.48454,6.24132,0.7707,0.000289034,0.000289034,0.000289034
189,548.299,0.21901,0.3103,0.34466,0.80976,0.1559,0.92917,0.18913,0.1834,0.1559,0.92917,0.18913,0.17341,0.21087,0.52414,5.40386,0.77028,0.00028468,0.00028468,0.00028468
190,551.061,0.21004,0.29314,0.31483,0.8031,0.17646,0.71948,0.20227,0.19422,0.17646,0.71948,0.201,0.18333,0.21726,0.47499,4.70687,0.76937,0.000280346,0.000280346,0.000280346
191,553.855,0.19927,0.2749,0.33672,0.79636,0.18482,0.84583,0.20788,0.20107,0.18482,0.84583,0.20788,0.19023,0.21765,0.47024,4.77182,0.76805,0.000276032,0.000276032,0.000276032
192,556.663,0.20776,0.29399,0.29828,0.79418,0.17897,0.77292,0.2106,0.20421,0.17897,0.77292,0.2106,0.19337,0.21213,0.47796,6.36217,0.7646,0.000271737,0.000271737,0.000271737
193,559.515,0.21166,0.27461,0.31952,0.79602,0.17975,0.77292,0.21269,0.20512,0.17975,0.77292,0.21269,0.19466,0.20612,0.48592,7.02423,0.76463,0.000267463,0.000267463,0.000267463
194,562.345,0.199,0.29228,0.3444,0.79868,0.18623,0.82917,0.22536,0.21932,0.18623,0.82917,0.22536,0.20511,0.20327,0.49347,6.84388,0.76443,0.000263211,0.000263211,0.000263211
195,565.183,0.21035,0.28681,0.34445,0.8011,0.19276,0.82917,0.22983,0.22358,0.19276,0.82917,0.22983,0.21016,0.20081,0.49404,6.37507,0.76442,0.000258979,0.000258979,0.000258979
196,567.931,0.21271,0.29998,0.30201,0.79723,0.1959,0.82394,0.21535,0.20761,0.1959,0.82394,0.21535,0.19693,0.20395,0.48946,6.12947,0.76554,0.00025477,0.00025477,0.00025477
197,570.781,0.20819,0.32863,0.30998,0.80157,0.19746,0.79873,0.23063,0.22369,0.19746,0.79873,0.23063,0.21259,0.20543,0.48918,6.29194,0.76665,0.000250583,0.000250583,0.000250583
198,573.546,0.20313,0.28584,0.28255,0.80608,0.18743,0.79843,0.22405,0.21555,0.18743,0.79843,0.22405,0.20655,0.21024,0.49198,7.01651,0.76848,0.000246418,0.000246418,0.000246418
199,576.316,0.19627,0.27907,0.27544,0.80748,0.18852,0.83551,0.22451,0.21629,0.18852,0.83551,0.22451,0.20736,0.21281,0.49873,7.45544,0.76901,0.000242278,0.000242278,0.000242278
200,579.164,0.19736,0.26626,0.30543,0.80043,0.16697,0.83979,0.2071,0.20015,0.16697,0.83979,0.2071,0.19097,0.21543,0.51041,7.65871,0.77104,0.00023816,0.00023816,0.00023816
201,581.998,0.20054,0.32076,0.34749,0.79995,0.16966,0.83892,0.19864,0.19017,0.16966,0.83892,0.19864,0.18174,0.21083,0.51029,6.99265,0.77154,0.000234067,0.000234067,0.000234067
202,584.826,0.18905,0.27537,0.28261,0.79898,0.17925,0.825,0.18844,0.18014,0.17925,0.825,0.18844,0.17117,0.21724,0.51167,5.81826,0.77497,0.000229999,0.000229999,0.000229999
203,587.632,0.19768,0.28618,0.28661,0.79645,0.18425,0.825,0.19181,0.18513,0.18425,0.825,0.19181,0.17605,0.22722,0.51413,5.75332,0.77834,0.000225956,0.000225956,0.000225956
204,590.393,0.20744,0.35472,0.31373,0.79855,0.18707,0.84583,0.21031,0.20371,0.18707,0.84583,0.21031,0.19328,0.21656,0.50766,5.94927,0.77245,0.000221939,0.000221939,0.000221939
205,593.219,0.19732,0.27751,0.29821,0.79042,0.18689,0.78333,0.22292,0.21636,0.18689,0.78333,0.22292,0.2065,0.21327,0.50543,6.61609,0.77088,0.000217947,0.000217947,0.000217947
206,596.262,0.19211,0.28573,0.31354,0.79829,0.17107,0.80417,0.26657,0.2604,0.17107,0.80417,0.26657,0.2493,0.2012,0.56156,8.46909,0.76745,0.000213982,0.000213982,0.000213982
207,599.327,0.2053,0.27552,0.27227,0.80542,0.17038,0.80417,0.2519,0.2461,0.17038,0.80417,0.2519,0.23652,0.20248,0.56236,8.52808,0.76776,0.000210044,0.000210044,0.000210044
208,602.39,0.19884,0.33532,0.3298,0.80119,0.17297,0.84583,0.23147,0.22576,0.17297,0.84583,0.23147,0.21748,0.19489,0.55635,8.09417,0.767,0.000206133,0.000206133,0.000206133
209,605.481,0.2015,0.28855,0.3141,0.8002,0.17945,0.84583,0.23426,0.22809,0.17945,0.84583,0.23426,0.21957,0.19159,0.55613,7.43766,0.76654,0.00020225,0.00020225,0.00020225
210,608.259,0.1925,0.26914,0.28481,0.80718,0.21814,0.84583,0.24073,0.23083,0.21814,0.84583,0.24073,0.22057,0.19551,0.55372,5.01351,0.76685,0.000198395,0.000198395,0.000198395
211,611.255,0.19153,0.26361,0.30138,0.79978,0.22404,0.82917,0.24371,0.23308,0.22404,0.82917,0.24371,0.22204,0.19646,0.5496,4.63273,0.76751,0.000194568,0.000194568,0.000194568
212,614.128,0.19657,0.2579,0.28792,0.80196,0.21035,0.77708,0.23635,0.22579,0.21035,0.77708,0.23635,0.21573,0.20161,0.54972,4.93641,0.76985,0.000190771,0.000190771,0.000190771
213,616.979,0.21518,0.2975,0.3352,0.80475,0.19724,0.78381,0.23147,0.2205,0.19724,0.78381,0.23147,0.21159,0.20573,0.55595,5.21002,0.7719,0.000187003,0.000187003,0.000187003
214,619.772,0.20223,0.30778,0.30541,0.80689,0.17671,0.83051,0.21352,0.20379,0.17671,0.83051,0.21352,0.19359,0.21214,0.57186,5.32545,0.77518,0.000183264,0.000183264,0.000183264
215,622.609,0.19622,0.30441,0.26046,0.7983,0.18401,0.81896,0.2173,0.20663,0.18401,0.81896,0.2173,0.19603,0.20984,0.57255,5.45134,0.77397,0.000179556,0.000179556,0.000179556
216,625.396,0.19125,0.31397,0.3003,0.80893,0.1944,0.69896,0.23889,0.22874,0.1944,0.69896,0.23889,0.21943,0.18988,0.55435,6.43227,0.77163,0.000175879,0.000175879,0.000175879
217,628.258,0.192,0.28868,0.2899,0.79534,0.20013,0.72083,0.24229,0.23139,0.20013,0.72083,0.24229,0.2209,0.1858,0.54256,6.66317,0.7708,0.000172233,0.000172233,0.000172233
218,631.141,0.20045,0.31562,0.29282,0.80857,0.19252,0.7703,0.24628,0.2364,0.19252,0.7703,0.24628,0.22406,0.18553,0.48952,6.93803,0.77081,0.000168618,0.000168618,0.000168618
219,634.046,0.18912,0.32019,0.30053,0.80004,0.19166,0.74167,0.23694,0.22935,0.19166,0.74167,0.23694,0.21683,0.18714,0.4929,7.05424,0.77048,0.000165035,0.000165035,0.000165035
220,637.521,0.19557,0.30331,0.29377,0.7923,0.19102,0.7625,0.22458,0.21785,0.19102,0.7625,0.22458,0.20665,0.19356,0.49473,7.25261,0.77052,0.000161484,0.000161484,0.000161484
221,640.368,0.19052,0.2487,0.28109,0.79253,0.19391,0.7625,0.22726,0.22015,0.19391,0.7625,0.22726,0.21002,0.19537,0.4933,7.20247,0.77064,0.000157966,0.000157966,0.000157966
222,643.31,0.20316,0.32229,0.26502,0.79882,0.20498,0.76948,0.22227,0.21421,0.20498,0.76948,0.22227,0.20512,0.19446,0.5468,6.01732,0.77275,0.000154481,0.000154481,0.000154481
223,647.518,0.18286,0.28117,0.26328,0.7934,0.21301,0.77449,0.2228,0.21405,0.21301,0.77449,0.2228,0.20452,0.19164,0.50646,5.83559,0.77203,0.00015103,0.00015103,0.00015103
224,650.384,0.19614,0.28381,0.26729,0.79839,0.2129,0.8174,0.23816,0.23055,0.2129,0.8174,0.23816,0.22092,0.18955,0.50669,6.06901,0.77174,0.000147612,0.000147612,0.000147612
225,653.222,0.19658,0.31258,0.26297,0.80611,0.19947,0.74167,0.23894,0.23133,0.19947,0.74167,0.23894,0.22162,0.18476,0.50262,6.80245,0.77069,0.000144228,0.000144228,0.000144228
226,656.07,0.18412,0.29389,0.28998,0.79399,0.17838,0.74167,0.23148,0.22446,0.17838,0.74167,0.23148,0.21473,0.18721,0.50354,7.89945,0.77036,0.000140879,0.000140879,0.000140879
227,658.928,0.19593,0.2856,0.29341,0.80237,0.1746,0.83354,0.21642,0.21038,0.1746,0.83354,0.21642,0.20063,0.18795,0.50354,7.87722,0.77006,0.000137564,0.000137564,0.000137564
228,661.705,0.18254,0.25078,0.24643,0.79522,0.17801,0.81655,0.21196,0.20577,0.17801,0.81655,0.21196,0.1922,0.19391,0.51292,7.18928,0.77149,0.000134285,0.000134285,0.000134285
229,664.512,0.17615,0.25967,0.2676,0.79125,0.17278,0.78482,0.21059,0.20123,0.17278,0.78482,0.21059,0.19,0.19788,0.52666,6.7405,0.77399,0.000131042,0.000131042,0.000131042
230,667.924,0.18729,0.26419,0.29772,0.78495,0.17473,0.81388,0.20788,0.19975,0.17473,0.81388,0.20788,0.19104,0.2186,0.56087,5.97273,0.78026,0.000127834,0.000127834,0.000127834
231,671.113,0.18691,0.27171,0.3259,0.79002,0.1863,0.68526,0.20105,0.1927,0.1863,0.68526,0.20105,0.1844,0.21647,0.56385,5.81805,0.78081,0.000124663,0.000124663,0.000124663
232,674.392,0.1864,0.31094,0.27513,0.79512,0.1972,0.76138,0.20388,0.19534,0.1972,0.76138,0.20388,0.18681,0.19849,0.53822,5.78715,0.77673,0.000121529,0.000121529,0.000121529
233,677.562,0.18964,0.28785,0.25421,0.80136,0.19757,0.75256,0.20594,0.19746,0.19757,0.75256,0.20594,0.18808,0.19569,0.52288,5.84959,0.77316,0.000118431,0.000118431,0.000118431
234,680.371,0.19296,0.27625,0.28533,0.7949,0.19092,0.75446,0.20604,0.19784,0.19092,0.75446,0.20604,0.18917,0.19396,0.50875,5.66003,0.77084,0.000115371,0.000115371,0.000115371
235,683.175,0.18367,0.24669,0.28101,0.80135,0.18879,0.77708,0.20789,0.20042,0.18879,0.77708,0.20789,0.19181,0.19369,0.50692,5.49483,0.77047,0.000112349,0.000112349,0.000112349
236,685.95,0.1835,0.22283,0.28485,0.79789,0.19146,0.72043,0.21108,0.20181,0.19146,0.72043,0.21108,0.19317,0.19502,0.5028,5.28289,0.7704,0.000109364,0.000109364,0.000109364
237,688.747,0.1831,0.24023,0.27538,0.79725,0.1932,0.725,0.21685,0.20723,0.1932,0.725,0.21685,0.19867,0.19774,0.50268,5.19958,0.7698,0.000106418,0.000106418,0.000106418
238,691.568,0.17792,0.26694,0.2808,0.7958,0.19082,0.73741,0.2111,0.20002,0.19082,0.73741,0.2111,0.19313,0.1985,0.50423,5.41505,0.77054,0.000103511,0.000103511,0.000103511
239,694.371,0.18158,0.26227,0.28553,0.79486,0.20059,0.80922,0.22375,0.21285,0.20059,0.80922,0.22375,0.20504,0.2,0.50383,5.55153,0.77063,0.000100642,0.000100642,0.000100642
240,697.187,0.18399,0.28083,0.27454,0.80178,0.20027,0.84,0.21878,0.2098,0.20027,0.84,0.21878,0.19963,0.19889,0.49799,5.88996,0.77099,9.78133e-05,9.78133e-05,9.78133e-05
241,700.019,0.17976,0.25135,0.26441,0.79976,0.20304,0.84583,0.21196,0.20405,0.20304,0.84583,0.21196,0.19307,0.19876,0.49822,5.82876,0.77159,9.50238e-05,9.50238e-05,9.50238e-05
242,702.792,0.19079,0.26714,0.26982,0.79745,0.2004,0.83759,0.21205,0.20525,0.2004,0.83759,0.21205,0.19216,0.19641,0.50577,5.47878,0.77198,9.22742e-05,9.22742e-05,9.22742e-05
243,705.651,0.17996,0.29024,0.25355,0.78667,0.20178,0.81857,0.21247,0.20471,0.20178,0.81857,0.21247,0.1924,0.1959,0.50995,5.37967,0.7713,8.95648e-05,8.95648e-05,8.95648e-05
244,709.071,0.16963,0.28867,0.24413,0.79485,0.19554,0.82917,0.20992,0.20101,0.19554,0.82917,0.20992,0.18729,0.19301,0.51075,5.73895,0.77135,8.6896e-05,8.6896e-05,8.6896e-05
245,712.023,0.17497,0.26036,0.26143,0.79588,0.19086,0.80833,0.20447,0.19555,0.19086,0.80833,0.20447,0.18309,0.19402,0.50829,6.0747,0.77166,8.42679e-05,8.42679e-05,8.42679e-05
246,714.939,0.16911,0.27233,0.26497,0.78341,0.18264,0.80307,0.20665,0.19823,0.18264,0.80307,0.20665,0.18426,0.19093,0.50795,6.98445,0.77012,8.1681e-05,8.1681e-05,8.1681e-05
247,718.616,0.18879,0.30422,0.24033,0.80243,0.18337,0.84272,0.20974,0.20232,0.18337,0.84272,0.20974,0.18792,0.18534,0.50817,7.35357,0.76898,7.91354e-05,7.91354e-05,7.91354e-05
248,721.677,0.17963,0.2626,0.27547,0.79688,0.17495,0.81229,0.20946,0.20308,0.17495,0.81229,0.20946,0.18864,0.1852,0.50875,7.79553,0.7686,7.66315e-05,7.66315e-05,7.66315e-05
249,724.662,0.17873,0.2676,0.21873,0.79306,0.18322,0.77268,0.21153,0.20558,0.18322,0.77268,0.21153,0.18974,0.18837,0.50978,7.83203,0.76897,7.41696e-05,7.41696e-05,7.41696e-05
250,727.627,0.17278,0.23337,0.25522,0.7924,0.17836,0.77292,0.20617,0.19991,0.17836,0.77292,0.20617,0.18657,0.18928,0.51207,7.55984,0.7692,7.17498e-05,7.17498e-05,7.17498e-05
251,730.481,0.18635,0.29566,0.24154,0.79867,0.17257,0.84583,0.20747,0.20131,0.17257,0.84583,0.20747,0.18859,0.18854,0.51332,7.32401,0.76932,6.93725e-05,6.93725e-05,6.93725e-05
252,733.259,0.17612,0.29485,0.2322,0.78684,0.17308,0.84583,0.21054,0.20466,0.17308,0.84583,0.21054,0.19093,0.18901,0.51367,7.13939,0.76971,6.7038e-05,6.7038e-05,6.7038e-05
253,736.052,0.18376,0.27348,0.26819,0.79802,0.17269,0.84583,0.21148,0.20541,0.17269,0.84583,0.21148,0.19185,0.18981,0.51115,7.08884,0.76966,6.47464e-05,6.47464e-05,6.47464e-05
254,738.816,0.16165,0.27396,0.22647,0.79699,0.17951,0.77577,0.21107,0.2045,0.17951,0.77577,0.21107,0.19078,0.19532,0.50549,6.80693,0.77143,6.24981e-05,6.24981e-05,6.24981e-05
255,741.604,0.15912,0.25354,0.20956,0.79543,0.18545,0.78127,0.21182,0.20529,0.18545,0.78127,0.21182,0.19145,0.19676,0.50365,6.60716,0.77159,6.02933e-05,6.02933e-05,6.02933e-05
256,744.523,0.17842,0.24911,0.25025,0.79775,0.18649,0.7689,0.22229,0.21577,0.18649,0.7689,0.22229,0.20349,0.19611,0.50245,6.54851,0.77156,5.81322e-05,5.81322e-05,5.81322e-05
257,747.295,0.18255,0.32134,0.24306,0.80072,0.18999,0.74583,0.2236,0.21658,0.18999,0.74583,0.2236,0.20636,0.19598,0.5024,6.62848,0.7719,5.6015e-05,5.6015e-05,5.6015e-05
258,750.104,0.18182,0.29548,0.25055,0.79599,0.18979,0.74583,0.21697,0.20994,0.18979,0.74583,0.21697,0.20021,0.19673,0.50159,6.96307,0.77211,5.39421e-05,5.39421e-05,5.39421e-05
259,752.892,0.17773,0.29615,0.24014,0.79641,0.18902,0.725,0.21985,0.21297,0.18902,0.725,0.21985,0.20176,0.19371,0.50228,7.20355,0.77168,5.19135e-05,5.19135e-05,5.19135e-05
260,755.752,0.17379,0.24426,0.23278,0.79343,0.18158,0.74167,0.21858,0.21203,0.18158,0.74167,0.21858,0.20103,0.19104,0.50308,7.95742,0.7714,4.99297e-05,4.99297e-05,4.99297e-05
261,758.557,0.17269,0.24328,0.21533,0.79217,0.17349,0.74167,0.21997,0.21347,0.17349,0.74167,0.21997,0.20186,0.19058,0.5032,8.23512,0.77118,4.79907e-05,4.79907e-05,4.79907e-05
262,761.355,0.16879,0.25319,0.2818,0.78824,0.17108,0.74167,0.21237,0.20581,0.17108,0.74167,0.21237,0.19387,0.19229,0.504,8.41257,0.77184,4.60967e-05,4.60967e-05,4.60967e-05
263,764.182,0.17672,0.27915,0.22263,0.80002,0.17085,0.74167,0.20833,0.20156,0.17085,0.74167,0.20833,0.19111,0.19279,0.50428,8.37114,0.77238,4.42481e-05,4.42481e-05,4.42481e-05
264,766.968,0.1806,0.25092,0.24873,0.79804,0.17048,0.74167,0.20631,0.19967,0.17048,0.74167,0.20631,0.18938,0.19365,0.50537,8.11156,0.77355,4.24449e-05,4.24449e-05,4.24449e-05
265,769.769,0.17522,0.31088,0.2344,0.80074,0.16868,0.74167,0.2056,0.1991,0.16868,0.74167,0.2056,0.189,0.19247,0.50583,7.98756,0.77343,4.06874e-05,4.06874e-05,4.06874e-05
266,772.569,0.17629,0.23185,0.22982,0.79702,0.17261,0.7625,0.20279,0.19647,0.17261,0.7625,0.20279,0.1865,0.19054,0.50526,7.88619,0.77395,3.89758e-05,3.89758e-05,3.89758e-05
267,775.391,0.16812,0.26832,0.23719,0.79032,0.17157,0.7625,0.20212,0.19624,0.17157,0.7625,0.20212,0.18469,0.19216,0.50571,7.85943,0.77402,3.73103e-05,3.73103e-05,3.73103e-05
268,778.319,0.16965,0.24469,0.22016,0.79927,0.16833,0.77333,0.20253,0.19663,0.16833,0.77333,0.20253,0.18447,0.19317,0.51104,7.71757,0.77417,3.5691e-05,3.5691e-05,3.5691e-05
269,781.957,0.16252,0.25997,0.23252,0.7894,0.16944,0.77292,0.20086,0.19496,0.16944,0.77292,0.20086,0.18249,0.19454,0.51189,7.6134,0.77461,3.41181e-05,3.41181e-05,3.41181e-05
270,784.769,0.16329,0.24387,0.21968,0.78828,0.17424,0.77689,0.21037,0.20432,0.17424,0.77689,0.21037,0.19244,0.19691,0.51052,7.60028,0.77573,3.25919e-05,3.25919e-05,3.25919e-05
271,787.578,0.17259,0.31567,0.19521,0.79937,0.17614,0.77129,0.211,0.20489,0.17614,0.77129,0.211,0.19314,0.19758,0.51075,7.56516,0.77588,3.11124e-05,3.11124e-05,3.11124e-05
272,790.375,0.16398,0.2553,0.22725,0.79053,0.18428,0.7978,0.21758,0.21148,0.18428,0.7978,0.21758,0.19913,0.19846,0.50835,7.52149,0.77563,2.96798e-05,2.96798e-05,2.96798e-05
273,793.175,0.168,0.23913,0.19628,0.79591,0.18658,0.80127,0.21286,0.20672,0.18658,0.80127,0.21286,0.1957,0.19814,0.50634,7.52008,0.77531,2.82943e-05,2.82943e-05,2.82943e-05
274,795.958,0.17176,0.26362,0.21187,0.80838,0.18579,0.79375,0.22459,0.21821,0.18579,0.79375,0.22459,0.20447,0.19659,0.50331,7.55656,0.77464,2.69561e-05,2.69561e-05,2.69561e-05
275,799.306,0.17286,0.26637,0.22512,0.78701,0.18447,0.79375,0.22535,0.21892,0.18447,0.79375,0.22535,0.20502,0.19664,0.50468,7.70704,0.77433,2.56652e-05,2.56652e-05,2.56652e-05
276,802.56,0.17868,0.27008,0.24334,0.80215,0.18414,0.725,0.22355,0.21742,0.18414,0.725,0.22355,0.2034,0.19533,0.50148,8.0498,0.7746,2.44218e-05,2.44218e-05,2.44218e-05
277,805.643,0.17152,0.27157,0.20071,0.80576,0.1865,0.73386,0.22123,0.21521,0.1865,0.73386,0.22123,0.20249,0.19707,0.50217,8.03226,0.77542,2.32262e-05,2.32262e-05,2.32262e-05
278,808.599,0.16198,0.23811,0.19817,0.79761,0.18378,0.725,0.21722,0.21151,0.18378,0.725,0.21722,0.19929,0.1968,0.50217,8.11041,0.77635,2.20783e-05,2.20783e-05,2.20783e-05
279,811.394,0.1748,0.27494,0.23576,0.79735,0.18428,0.725,0.21852,0.21285,0.18428,0.725,0.21852,0.19806,0.19787,0.50262,8.04982,0.77683,2.09783e-05,2.09783e-05,2.09783e-05
280,814.193,0.16348,0.2645,0.21665,0.79452,0.18414,0.725,0.21467,0.20897,0.18414,0.725,0.21467,0.19586,0.1973,0.50159,7.98762,0.77674,1.99264e-05,1.99264e-05,1.99264e-05
281,817.707,0.16641,0.2935,0.20037,0.78857,0.18457,0.73106,0.21493,0.20872,0.18457,0.73106,0.21493,0.197,0.19713,0.50148,7.9225,0.77674,1.89226e-05,1.89226e-05,1.89226e-05
282,821.065,0.16435,0.27187,0.21159,0.79347,0.18228,0.74167,0.21373,0.20795,0.18228,0.74167,0.21373,0.19547,0.19765,0.50171,7.7796,0.77623,1.79671e-05,1.79671e-05,1.79671e-05
283,824.139,0.15817,0.24624,0.22426,0.80019,0.18524,0.76648,0.21304,0.20712,0.18524,0.76648,0.21304,0.19527,0.19894,0.50142,7.69753,0.77617,1.70599e-05,1.70599e-05,1.70599e-05
284,827.107,0.17423,0.28266,0.20875,0.80887,0.18644,0.75298,0.2188,0.21282,0.18644,0.75298,0.2188,0.20079,0.20087,0.50325,7.54177,0.77649,1.62013e-05,1.62013e-05,1.62013e-05
285,829.906,0.16937,0.24888,0.19597,0.79317,0.18313,0.73682,0.21767,0.21156,0.18313,0.73682,0.21767,0.19955,0.20258,0.50451,7.51368,0.77681,1.53912e-05,1.53912e-05,1.53912e-05
286,832.846,0.16955,0.28572,0.20386,0.79452,0.18866,0.76739,0.21873,0.21248,0.18866,0.76739,0.21873,0.20013,0.20375,0.50537,7.55777,0.77641,1.46297e-05,1.46297e-05,1.46297e-05
287,835.773,0.16836,0.26011,0.21787,0.78869,0.18847,0.76347,0.21948,0.21308,0.18847,0.76347,0.21948,0.20097,0.2048,0.50766,7.56782,0.77704,1.3917e-05,1.3917e-05,1.3917e-05
288,839.363,0.15718,0.22808,0.22511,0.78993,0.18257,0.74935,0.21904,0.21268,0.18257,0.74935,0.21904,0.20099,0.20595,0.50938,7.62076,0.77746,1.32531e-05,1.32531e-05,1.32531e-05
289,842.141,0.16966,0.29478,0.22604,0.79923,0.18147,0.75208,0.21805,0.21193,0.18147,0.75208,0.21805,0.20045,0.20603,0.51006,7.73805,0.77765,1.2638e-05,1.2638e-05,1.2638e-05
290,844.947,0.15952,0.25147,0.21708,0.79509,0.17899,0.76897,0.20969,0.20401,0.17899,0.76897,0.20969,0.19226,0.20252,0.50869,8.05692,0.77667,1.2072e-05,1.2072e-05,1.2072e-05
291,848.703,0.13648,0.25513,0.18098,0.78013,0.17744,0.75632,0.2116,0.20598,0.17744,0.75632,0.2116,0.19429,0.19962,0.50829,8.13984,0.77587,1.15549e-05,1.15549e-05,1.15549e-05
292,851.496,0.14248,0.252,0.17691,0.77363,0.1797,0.76446,0.2128,0.20712,0.1797,0.76446,0.2128,0.19512,0.19862,0.50949,8.25419,0.77564,1.10869e-05,1.10869e-05,1.10869e-05
293,854.309,0.14345,0.25495,0.16995,0.77306,0.17663,0.75208,0.21542,0.20972,0.17663,0.75208,0.21542,0.19765,0.19906,0.51121,8.23792,0.77581,1.06681e-05,1.06681e-05,1.06681e-05
294,857.176,0.14376,0.24798,0.18948,0.76599,0.17922,0.76879,0.21732,0.21161,0.17922,0.76879,0.21732,0.20037,0.19751,0.51327,8.29336,0.77525,1.02984e-05,1.02984e-05,1.02984e-05
295,859.983,0.13819,0.2332,0.17464,0.76911,0.17931,0.77601,0.21565,0.20994,0.17931,0.77601,0.21565,0.19772,0.1973,0.51361,8.30282,0.77483,9.97788e-06,9.97788e-06,9.97788e-06
296,862.757,0.13773,0.25288,0.18635,0.77872,0.18023,0.77636,0.21395,0.20772,0.18023,0.77636,0.21395,0.1954,0.19792,0.5151,8.1762,0.77517,9.70665e-06,9.70665e-06,9.70665e-06
297,865.583,0.1362,0.22276,0.16601,0.76746,0.18287,0.77292,0.21332,0.2068,0.18287,0.77292,0.21332,0.19454,0.19894,0.51573,8.11592,0.77524,9.48469e-06,9.48469e-06,9.48469e-06
298,868.365,0.14208,0.2734,0.17813,0.77717,0.18726,0.7724,0.21779,0.21113,0.18726,0.7724,0.21779,0.19865,0.20032,0.51727,7.99315,0.77581,9.31203e-06,9.31203e-06,9.31203e-06
299,871.353,0.12964,0.25642,0.19797,0.76189,0.18757,0.76884,0.21605,0.20937,0.18757,0.76884,0.21605,0.1971,0.19964,0.51727,7.95437,0.77584,9.18868e-06,9.18868e-06,9.18868e-06
300,874.162,0.13947,0.2415,0.1807,0.76916,0.18365,0.78333,0.2204,0.21379,0.18365,0.78333,0.2204,0.20083,0.2008,0.5179,7.94416,0.77574,9.11467e-06,9.11467e-06,9.11467e-06
